{
    "Code": {
        "RepositoryType": "S3", 
        "Location": "https://prod-04-2014-tasks.s3.amazonaws.com/snapshots/231755972326/moviebotFunction-fdb15d2c-6934-4fc8-bad6-4f4b3567d305?X-Amz-Security-Token=FQoDYXdzEMf%2F%2F%2F%2F%2F%2F%2F%2F%2F%2FwEaDHhX0v94QcybsiZTOSK3A0e5%2ByBbCYwRyXcCnh2ts14dwsASyGYATqSMGvPJ%2F8ZCr0ghJ4pQYOOQcGlH%2BzjE%2BNiH04Lj%2BBwhYysXRD0akv8DYGJ1OGlg4A9fgYh%2FDOuGHkzVPpsv3Rf2c6hL%2Biq6nHaFP0evoW4nXfhkL0r2dO07wsFLbD%2BPE5vjPFmjGCwzT5TJF0jrKyAD8jkGQ%2BuPo3vBYBN1TltjYUONR984r7Y9d%2BJ6q6VPkwL0%2Fg0p57bwVANvF6DxitDQypow4KpMJxyh8yqfe8XP5p2b57oS4Bc%2BiO%2B2CeXNtQMnU1PcidTGV%2BhLTzPPiv8G2Qfi1r2TWGu78AhWBJwxbLFQYNjBUFxHfzYythRugwMjVm4fWDMLtZNrkjm9EOToAgYk5JE89OvCtqkw%2FLACBo12d%2BBb9ffBzFetJ2ZPXZaG1Jpdoe1b6zgiNQZOyJmaw%2FPTHamptVZm9o3MsxPp4f1L2Ooz57h6f6lpLAywxVkMkaUAsx1nBiJGifuMhE0xqqiWk2fpvJd%2BKP99tq9zOlFrvNQiGQHYRgS1bc2Ujfoa7lqmzhfrdxA%2FPBWaGPbK9AyaiLW0Fi2rmwCw7woozsbHyQU%3D&X-Amz-Algorithm=AWS4-HMAC-SHA256&X-Amz-Date=20170602T225640Z&X-Amz-SignedHeaders=host&X-Amz-Expires=600&X-Amz-Credential=ASIAIQ645Q3NSKI4BMBQ%2F20170602%2Fus-east-1%2Fs3%2Faws4_request&X-Amz-Signature=fa2aefa4a70a62f96ad459b9414a94d53dd068e4646af9496aafbade604526fe"
    }, 
    "Configuration": {
        "TracingConfig": {
            "Mode": "PassThrough"
        }, 
        "Version": "$LATEST", 
        "CodeSha256": "vbUSdjFjCvGWjhECKWTGqS+dN9DiybFkrpcXAzbi+lE=", 
        "FunctionName": "moviebotFunction", 
        "MemorySize": 128, 
        "CodeSize": 4505, 
        "FunctionArn": "arn:aws:lambda:us-east-1:231755972326:function:moviebotFunction", 
        "Handler": "moviebotFunction.handler", 
        "Role": "arn:aws:iam::231755972326:role/service-role/orderTripRole", 
        "Timeout": 10, 
        "LastModified": "2017-06-02T22:51:56.484+0000", 
        "Runtime": "nodejs4.3", 
        "Description": "Handles the movie bot behaviour"
    }
}
